NbBlocks;79
AvgSize;1.197155
MinSize;0.001609
MaxSize;12.192249
P32;9.145442
cVar;0.431704
