NbBlocks;0
AvgSize;0.000000
MinSize;27000.000000
MaxSize;0.051498
P32;18.124035
cVar;0.916592
